<?xml version="1.0" encoding="UTF-8"?>
<metadata xml:lang="en"><Esri><CreaDate>20150704</CreaDate><CreaTime>16094600</CreaTime><ArcGISFormat>1.0</ArcGISFormat><SyncOnce>FALSE</SyncOnce><DataProperties><lineage><Process ToolSource="C:\Program Files\ArcGIS\Desktop10.0\ArcToolbox\Toolboxes\Data Management Tools.tbx\CalculateField" Date="20130412" Time="150745">CalculateField Vm2_Draft_090917_full_copy Year_Last_ 1990 VB #</Process><Process ToolSource="C:\Program Files\ArcGIS\Desktop10.0\ArcToolbox\Toolboxes\Data Management Tools.tbx\CalculateField" Date="20130412" Time="151013">CalculateField Vm2_Draft_090917_full_copy Year_Last_ 1991 VB #</Process><Process ToolSource="C:\Program Files\ArcGIS\Desktop10.0\ArcToolbox\Toolboxes\Data Management Tools.tbx\CalculateField" Date="20130412" Time="151042">CalculateField Vm2_Draft_090917_full_copy Year_Last_ 1992 VB #</Process><Process ToolSource="C:\Program Files\ArcGIS\Desktop10.0\ArcToolbox\Toolboxes\Data Management Tools.tbx\CalculateField" Date="20130412" Time="151108">CalculateField Vm2_Draft_090917_full_copy Year_Last_ 1993 VB #</Process><Process ToolSource="C:\Program Files\ArcGIS\Desktop10.0\ArcToolbox\Toolboxes\Data Management Tools.tbx\CalculateField" Date="20130412" Time="151137">CalculateField Vm2_Draft_090917_full_copy Year_Last_ 1994 VB #</Process><Process ToolSource="C:\Program Files\ArcGIS\Desktop10.0\ArcToolbox\Toolboxes\Data Management Tools.tbx\CalculateField" Date="20130412" Time="151309">CalculateField Vm2_Draft_090917_full_copy Year_Last_ 1995 VB #</Process><Process ToolSource="C:\Program Files\ArcGIS\Desktop10.0\ArcToolbox\Toolboxes\Data Management Tools.tbx\CalculateField" Date="20130412" Time="151423">CalculateField Vm2_Draft_090917_full_copy Year_Last_ 1996 VB #</Process><Process ToolSource="C:\Program Files\ArcGIS\Desktop10.0\ArcToolbox\Toolboxes\Data Management Tools.tbx\CalculateField" Date="20130412" Time="151451">CalculateField Vm2_Draft_090917_full_copy Year_Last_ 1997 VB #</Process><Process ToolSource="C:\Program Files\ArcGIS\Desktop10.0\ArcToolbox\Toolboxes\Data Management Tools.tbx\CalculateField" Date="20130412" Time="151517">CalculateField Vm2_Draft_090917_full_copy Year_Last_ 1998 VB #</Process><Process ToolSource="C:\Program Files\ArcGIS\Desktop10.0\ArcToolbox\Toolboxes\Data Management Tools.tbx\CalculateField" Date="20130412" Time="151547">CalculateField Vm2_Draft_090917_full_copy Year_Last_ 1999 VB #</Process><Process ToolSource="C:\Program Files\ArcGIS\Desktop10.0\ArcToolbox\Toolboxes\Data Management Tools.tbx\CalculateField" Date="20130412" Time="151621">CalculateField Vm2_Draft_090917_full_copy Year_Last_ 2000 VB #</Process><Process ToolSource="C:\Program Files\ArcGIS\Desktop10.0\ArcToolbox\Toolboxes\Data Management Tools.tbx\CalculateField" Date="20130412" Time="151649">CalculateField Vm2_Draft_090917_full_copy Year_Last_ 2001 VB #</Process><Process ToolSource="C:\Program Files\ArcGIS\Desktop10.0\ArcToolbox\Toolboxes\Data Management Tools.tbx\CalculateField" Date="20130412" Time="151717">CalculateField Vm2_Draft_090917_full_copy Year_Last_ 2002 VB #</Process><Process ToolSource="C:\Program Files\ArcGIS\Desktop10.0\ArcToolbox\Toolboxes\Data Management Tools.tbx\CalculateField" Date="20130412" Time="151747">CalculateField Vm2_Draft_090917_full_copy Year_Last_ 2003 VB #</Process><Process ToolSource="C:\Program Files\ArcGIS\Desktop10.0\ArcToolbox\Toolboxes\Data Management Tools.tbx\CalculateField" Date="20130412" Time="151816">CalculateField Vm2_Draft_090917_full_copy Year_Last_ 2004 VB #</Process><Process ToolSource="C:\Program Files\ArcGIS\Desktop10.0\ArcToolbox\Toolboxes\Data Management Tools.tbx\CalculateField" Date="20130412" Time="151847">CalculateField Vm2_Draft_090917_full_copy Year_Last_ 2005 VB #</Process><Process ToolSource="C:\Program Files\ArcGIS\Desktop10.0\ArcToolbox\Toolboxes\Data Management Tools.tbx\CalculateField" Date="20130412" Time="152004">CalculateField Vm2_Draft_090917_full_copy Year_Last_ 2006 VB #</Process><Process ToolSource="C:\Program Files\ArcGIS\Desktop10.0\ArcToolbox\Toolboxes\Data Management Tools.tbx\CalculateField" Date="20130412" Time="152053">CalculateField Vm2_Draft_090917_full_copy Year_Last_ 2007 VB #</Process><Process ToolSource="C:\Program Files\ArcGIS\Desktop10.0\ArcToolbox\Toolboxes\Data Management Tools.tbx\CalculateField" Date="20130412" Time="152127">CalculateField Vm2_Draft_090917_full_copy Year_Last_ 2008 VB #</Process><Process ToolSource="C:\Program Files\ArcGIS\Desktop10.0\ArcToolbox\Toolboxes\Data Management Tools.tbx\CalculateField" Date="20130412" Time="152157">CalculateField Vm2_Draft_090917_full_copy Year_Last_ 2009 VB #</Process><Process ToolSource="C:\Program Files\ArcGIS\Desktop10.0\ArcToolbox\Toolboxes\Data Management Tools.tbx\CalculateField" Date="20130412" Time="152238">CalculateField Vm2_Draft_090917_full_copy Year_Last_ 1989 VB #</Process><Process ToolSource="C:\Program Files\ArcGIS\Desktop10.0\ArcToolbox\Toolboxes\Data Management Tools.tbx\CalculateField" Date="20130412" Time="152309">CalculateField Vm2_Draft_090917_full_copy Year_Last_ 1988 VB #</Process><Process ToolSource="C:\Program Files\ArcGIS\Desktop10.0\ArcToolbox\Toolboxes\Data Management Tools.tbx\CalculateField" Date="20130412" Time="152352">CalculateField Vm2_Draft_090917_full_copy Year_Last_ 1987 VB #</Process><Process ToolSource="C:\Program Files\ArcGIS\Desktop10.0\ArcToolbox\Toolboxes\Data Management Tools.tbx\CalculateField" Date="20130412" Time="152422">CalculateField Vm2_Draft_090917_full_copy Year_Last_ 1986 VB #</Process><Process ToolSource="C:\Program Files\ArcGIS\Desktop10.0\ArcToolbox\Toolboxes\Data Management Tools.tbx\CalculateField" Date="20130412" Time="152500">CalculateField Vm2_Draft_090917_full_copy Year_Last_ 1985 VB #</Process><Process ToolSource="C:\Program Files\ArcGIS\Desktop10.0\ArcToolbox\Toolboxes\Data Management Tools.tbx\CalculateField" Date="20130412" Time="152547">CalculateField Vm2_Draft_090917_full_copy Year_Last_ 1984 VB #</Process><Process ToolSource="C:\Program Files\ArcGIS\Desktop10.0\ArcToolbox\Toolboxes\Data Management Tools.tbx\CalculateField" Date="20130412" Time="152611">CalculateField Vm2_Draft_090917_full_copy Year_Last_ 1983 VB #</Process><Process ToolSource="C:\Program Files\ArcGIS\Desktop10.0\ArcToolbox\Toolboxes\Data Management Tools.tbx\CalculateField" Date="20130412" Time="152636">CalculateField Vm2_Draft_090917_full_copy Year_Last_ 1982 VB #</Process><Process ToolSource="C:\Program Files\ArcGIS\Desktop10.0\ArcToolbox\Toolboxes\Data Management Tools.tbx\CalculateField" Date="20130412" Time="152702">CalculateField Vm2_Draft_090917_full_copy Year_Last_ 1981 VB #</Process><Process ToolSource="C:\Program Files\ArcGIS\Desktop10.0\ArcToolbox\Toolboxes\Data Management Tools.tbx\CalculateField" Date="20130412" Time="152837">CalculateField Vm2_Draft_090917_full_copy Year_Last_ 1980 VB #</Process><Process ToolSource="c:\program files\arcgis\desktop10.0\ArcToolbox\Toolboxes\Analysis Tools.tbx\Union" Date="20131022" Time="085111">Union "landsupplyvaluationdata #;'Zone areas' #" "P:\DistrictPlan GIS\CAPACITY\Capacitywork1\ValueDataZoneUnion.shp" ALL # GAPS</Process><Process ToolSource="C:\Program Files\ArcGIS\Desktop10.0\ArcToolbox\Toolboxes\Data Management Tools.tbx\CalculateField" Date="20131022" Time="103715">CalculateField ValueDataZoneUnion dp_zone "Unzoned" VB #</Process><Process ToolSource="C:\Program Files\ArcGIS\Desktop10.0\ArcToolbox\Toolboxes\Data Management Tools.tbx\CalculateField" Date="20131022" Time="103938">CalculateField ValueDataZoneUnion dp_zone "Unzoned" VB #</Process><Process ToolSource="c:\program files\arcgis\desktop10.0\ArcToolbox\Toolboxes\Analysis Tools.tbx\SpatialJoin" Date="20131022" Time="130217">SpatialJoin ValueDataZoneUnion Site_Coverage_Point_Join_3 H:\ArcGIS\Default.gdb\ValueDataZoneUnion_SpatialJo JOIN_ONE_TO_ONE KEEP_ALL "parcel_id "parcel_id" true true false 19 Double 8 18 ,First,#,P:\DistrictPlan GIS\CAPACITY\Capacitywork1\ValueDataZoneUnion.shp,parcel_id,-1,-1;full_app "full_app" true true false 250 Text 0 0 ,First,#,P:\DistrictPlan GIS\CAPACITY\Capacitywork1\ValueDataZoneUnion.shp,full_app,-1,-1;match_stat "match_stat" true true false 1 Text 0 0 ,First,#,P:\DistrictPlan GIS\CAPACITY\Capacitywork1\ValueDataZoneUnion.shp,match_stat,-1,-1;wufi "wufi" true true false 19 Double 8 18 ,First,#,P:\DistrictPlan GIS\CAPACITY\Capacitywork1\ValueDataZoneUnion.shp,wufi,-1,-1;surv_are_1 "surv_are_1" true true false 19 Double 0 0 ,First,#,P:\DistrictPlan GIS\CAPACITY\Capacitywork1\ValueDataZoneUnion.shp,surv_are_1,-1,-1;S_wufi "S_wufi" true true false 19 Double 0 0 ,First,#,P:\DistrictPlan GIS\CAPACITY\Capacitywork1\ValueDataZoneUnion.shp,S_wufi,-1,-1;V_wufi "V_wufi" true true false 19 Double 0 0 ,First,#,P:\DistrictPlan GIS\CAPACITY\Capacitywork1\ValueDataZoneUnion.shp,V_wufi,-1,-1;TA "TA" true true false 9 Long 0 9 ,First,#,P:\DistrictPlan GIS\CAPACITY\Capacitywork1\ValueDataZoneUnion.shp,TA,-1,-1;Ward "Ward" true true false 9 Long 0 9 ,First,#,P:\DistrictPlan GIS\CAPACITY\Capacitywork1\ValueDataZoneUnion.shp,Ward,-1,-1;Qpid "Qpid" true true false 9 Long 0 9 ,First,#,P:\DistrictPlan GIS\CAPACITY\Capacitywork1\ValueDataZoneUnion.shp,Qpid,-1,-1;Roll "Roll" true true false 9 Long 0 9 ,First,#,P:\DistrictPlan GIS\CAPACITY\Capacitywork1\ValueDataZoneUnion.shp,Roll,-1,-1;Assmt "Assmt" true true false 9 Long 0 9 ,First,#,P:\DistrictPlan GIS\CAPACITY\Capacitywork1\ValueDataZoneUnion.shp,Assmt,-1,-1;Suf "Suf" true true false 254 Text 0 0 ,First,#,P:\DistrictPlan GIS\CAPACITY\Capacitywork1\ValueDataZoneUnion.shp,Suf,-1,-1;VALREF "VALREF" true true false 254 Text 0 0 ,First,#,P:\DistrictPlan GIS\CAPACITY\Capacitywork1\ValueDataZoneUnion.shp,VALREF,-1,-1;Num_extns "Num_extns" true true false 9 Long 0 9 ,First,#,P:\DistrictPlan GIS\CAPACITY\Capacitywork1\ValueDataZoneUnion.shp,Num_extns,-1,-1;St_No "St_No" true true false 9 Long 0 9 ,First,#,P:\DistrictPlan GIS\CAPACITY\Capacitywork1\ValueDataZoneUnion.shp,St_No,-1,-1;Addnl_St_N "Addnl_St_N" true true false 254 Text 0 0 ,First,#,P:\DistrictPlan GIS\CAPACITY\Capacitywork1\ValueDataZoneUnion.shp,Addnl_St_N,-1,-1;St_Name "St_Name" true true false 254 Text 0 0 ,First,#,P:\DistrictPlan GIS\CAPACITY\Capacitywork1\ValueDataZoneUnion.shp,St_Name,-1,-1;suburb "suburb" true true false 35 Text 0 0 ,First,#,P:\DistrictPlan GIS\CAPACITY\Capacitywork1\ValueDataZoneUnion.shp,suburb,-1,-1;CAT "CAT" true true false 254 Text 0 0 ,First,#,P:\DistrictPlan GIS\CAPACITY\Capacitywork1\ValueDataZoneUnion.shp,CAT,-1,-1;Revision_D "Revision_D" true true false 9 Long 0 9 ,First,#,P:\DistrictPlan GIS\CAPACITY\Capacitywork1\ValueDataZoneUnion.shp,Revision_D,-1,-1;CV "CV" true true false 9 Long 0 9 ,First,#,P:\DistrictPlan GIS\CAPACITY\Capacitywork1\ValueDataZoneUnion.shp,CV,-1,-1;LV "LV" true true false 9 Long 0 9 ,First,#,P:\DistrictPlan GIS\CAPACITY\Capacitywork1\ValueDataZoneUnion.shp,LV,-1,-1;Valm2 "Valm2" true true false 19 Double 0 0 ,First,#,P:\DistrictPlan GIS\CAPACITY\Capacitywork1\ValueDataZoneUnion.shp,Valm2,-1,-1;AV "AV" true true false 254 Text 0 0 ,First,#,P:\DistrictPlan GIS\CAPACITY\Capacitywork1\ValueDataZoneUnion.shp,AV,-1,-1;Trees "Trees" true true false 254 Text 0 0 ,First,#,P:\DistrictPlan GIS\CAPACITY\Capacitywork1\ValueDataZoneUnion.shp,Trees,-1,-1;GR "GR" true true false 254 Text 0 0 ,First,#,P:\DistrictPlan GIS\CAPACITY\Capacitywork1\ValueDataZoneUnion.shp,GR,-1,-1;DGR "DGR" true true false 254 Text 0 0 ,First,#,P:\DistrictPlan GIS\CAPACITY\Capacitywork1\ValueDataZoneUnion.shp,DGR,-1,-1;RCV "RCV" true true false 254 Text 0 0 ,First,#,P:\DistrictPlan GIS\CAPACITY\Capacitywork1\ValueDataZoneUnion.shp,RCV,-1,-1;RLV "RLV" true true false 254 Text 0 0 ,First,#,P:\DistrictPlan GIS\CAPACITY\Capacitywork1\ValueDataZoneUnion.shp,RLV,-1,-1;RAV "RAV" true true false 254 Text 0 0 ,First,#,P:\DistrictPlan GIS\CAPACITY\Capacitywork1\ValueDataZoneUnion.shp,RAV,-1,-1;PD_CV "PD_CV" true true false 19 Double 0 0 ,First,#,P:\DistrictPlan GIS\CAPACITY\Capacitywork1\ValueDataZoneUnion.shp,PD_CV,-1,-1;PD_CVCat "PD_CVCat" true true false 254 Text 0 0 ,First,#,P:\DistrictPlan GIS\CAPACITY\Capacitywork1\ValueDataZoneUnion.shp,PD_CVCat,-1,-1;RValm2 "RValm2" true true false 19 Double 0 0 ,First,#,P:\DistrictPlan GIS\CAPACITY\Capacitywork1\ValueDataZoneUnion.shp,RValm2,-1,-1;RValm2_Cat "RValm2_Cat" true true false 254 Text 0 0 ,First,#,P:\DistrictPlan GIS\CAPACITY\Capacitywork1\ValueDataZoneUnion.shp,RValm2_Cat,-1,-1;PD_Valm2 "PD_Valm2" true true false 19 Double 0 0 ,First,#,P:\DistrictPlan GIS\CAPACITY\Capacitywork1\ValueDataZoneUnion.shp,PD_Valm2,-1,-1;PD_Vm2Cat "PD_Vm2Cat" true true false 254 Text 0 0 ,First,#,P:\DistrictPlan GIS\CAPACITY\Capacitywork1\ValueDataZoneUnion.shp,PD_Vm2Cat,-1,-1;RTrees "RTrees" true true false 254 Text 0 0 ,First,#,P:\DistrictPlan GIS\CAPACITY\Capacitywork1\ValueDataZoneUnion.shp,RTrees,-1,-1;RGR "RGR" true true false 254 Text 0 0 ,First,#,P:\DistrictPlan GIS\CAPACITY\Capacitywork1\ValueDataZoneUnion.shp,RGR,-1,-1;RDGR "RDGR" true true false 254 Text 0 0 ,First,#,P:\DistrictPlan GIS\CAPACITY\Capacitywork1\ValueDataZoneUnion.shp,RDGR,-1,-1;Nature_of "Nature_of" true true false 254 Text 0 0 ,First,#,P:\DistrictPlan GIS\CAPACITY\Capacitywork1\ValueDataZoneUnion.shp,Nature_of,-1,-1;Tenure "Tenure" true true false 9 Long 0 9 ,First,#,P:\DistrictPlan GIS\CAPACITY\Capacitywork1\ValueDataZoneUnion.shp,Tenure,-1,-1;Ownership "Ownership" true true false 9 Long 0 9 ,First,#,P:\DistrictPlan GIS\CAPACITY\Capacitywork1\ValueDataZoneUnion.shp,Ownership,-1,-1;Rateabilit "Rateabilit" true true false 9 Long 0 9 ,First,#,P:\DistrictPlan GIS\CAPACITY\Capacitywork1\ValueDataZoneUnion.shp,Rateabilit,-1,-1;Apportionm "Apportionm" true true false 9 Long 0 9 ,First,#,P:\DistrictPlan GIS\CAPACITY\Capacitywork1\ValueDataZoneUnion.shp,Apportionm,-1,-1;V_Area "V_Area" true true false 19 Double 0 0 ,First,#,P:\DistrictPlan GIS\CAPACITY\Capacitywork1\ValueDataZoneUnion.shp,V_Area,-1,-1;Production "Production" true true false 9 Long 0 9 ,First,#,P:\DistrictPlan GIS\CAPACITY\Capacitywork1\ValueDataZoneUnion.shp,Production,-1,-1;Zone "Zone" true true false 254 Text 0 0 ,First,#,P:\DistrictPlan GIS\CAPACITY\Capacitywork1\ValueDataZoneUnion.shp,Zone,-1,-1;Use "Use" true true false 9 Long 0 9 ,First,#,P:\DistrictPlan GIS\CAPACITY\Capacitywork1\ValueDataZoneUnion.shp,Use,-1,-1;Units "Units" true true false 9 Long 0 9 ,First,#,P:\DistrictPlan GIS\CAPACITY\Capacitywork1\ValueDataZoneUnion.shp,Units,-1,-1;Sub "Sub" true true false 254 Text 0 0 ,First,#,P:\DistrictPlan GIS\CAPACITY\Capacitywork1\ValueDataZoneUnion.shp,Sub,-1,-1;Car "Car" true true false 9 Long 0 9 ,First,#,P:\DistrictPlan GIS\CAPACITY\Capacitywork1\ValueDataZoneUnion.shp,Car,-1,-1;Age "Age" true true false 254 Text 0 0 ,First,#,P:\DistrictPlan GIS\CAPACITY\Capacitywork1\ValueDataZoneUnion.shp,Age,-1,-1;Const "Const" true true false 254 Text 0 0 ,First,#,P:\DistrictPlan GIS\CAPACITY\Capacitywork1\ValueDataZoneUnion.shp,Const,-1,-1;Cond "Cond" true true false 254 Text 0 0 ,First,#,P:\DistrictPlan GIS\CAPACITY\Capacitywork1\ValueDataZoneUnion.shp,Cond,-1,-1;Site "Site" true true false 9 Long 0 9 ,First,#,P:\DistrictPlan GIS\CAPACITY\Capacitywork1\ValueDataZoneUnion.shp,Site,-1,-1;Total "Total" true true false 9 Long 0 9 ,First,#,P:\DistrictPlan GIS\CAPACITY\Capacitywork1\ValueDataZoneUnion.shp,Total,-1,-1;CSI "CSI" true true false 254 Text 0 0 ,First,#,P:\DistrictPlan GIS\CAPACITY\Capacitywork1\ValueDataZoneUnion.shp,CSI,-1,-1;Lot "Lot" true true false 254 Text 0 0 ,First,#,P:\DistrictPlan GIS\CAPACITY\Capacitywork1\ValueDataZoneUnion.shp,Lot,-1,-1;Cont "Cont" true true false 254 Text 0 0 ,First,#,P:\DistrictPlan GIS\CAPACITY\Capacitywork1\ValueDataZoneUnion.shp,Cont,-1,-1;Lndscp "Lndscp" true true false 254 Text 0 0 ,First,#,P:\DistrictPlan GIS\CAPACITY\Capacitywork1\ValueDataZoneUnion.shp,Lndscp,-1,-1;View "View" true true false 254 Text 0 0 ,First,#,P:\DistrictPlan GIS\CAPACITY\Capacitywork1\ValueDataZoneUnion.shp,View,-1,-1;Scp "Scp" true true false 254 Text 0 0 ,First,#,P:\DistrictPlan GIS\CAPACITY\Capacitywork1\ValueDataZoneUnion.shp,Scp,-1,-1;Ht "Ht" true true false 254 Text 0 0 ,First,#,P:\DistrictPlan GIS\CAPACITY\Capacitywork1\ValueDataZoneUnion.shp,Ht,-1,-1;Mod "Mod" true true false 254 Text 0 0 ,First,#,P:\DistrictPlan GIS\CAPACITY\Capacitywork1\ValueDataZoneUnion.shp,Mod,-1,-1;EYB "EYB" true true false 254 Text 0 0 ,First,#,P:\DistrictPlan GIS\CAPACITY\Capacitywork1\ValueDataZoneUnion.shp,EYB,-1,-1;Main "Main" true true false 254 Text 0 0 ,First,#,P:\DistrictPlan GIS\CAPACITY\Capacitywork1\ValueDataZoneUnion.shp,Main,-1,-1;Tot "Tot" true true false 254 Text 0 0 ,First,#,P:\DistrictPlan GIS\CAPACITY\Capacitywork1\ValueDataZoneUnion.shp,Tot,-1,-1;Fdn "Fdn" true true false 254 Text 0 0 ,First,#,P:\DistrictPlan GIS\CAPACITY\Capacitywork1\ValueDataZoneUnion.shp,Fdn,-1,-1;Deck "Deck" true true false 254 Text 0 0 ,First,#,P:\DistrictPlan GIS\CAPACITY\Capacitywork1\ValueDataZoneUnion.shp,Deck,-1,-1;Ldy "Ldy" true true false 254 Text 0 0 ,First,#,P:\DistrictPlan GIS\CAPACITY\Capacitywork1\ValueDataZoneUnion.shp,Ldy,-1,-1;Ois "Ois" true true false 254 Text 0 0 ,First,#,P:\DistrictPlan GIS\CAPACITY\Capacitywork1\ValueDataZoneUnion.shp,Ois,-1,-1;Acc "Acc" true true false 254 Text 0 0 ,First,#,P:\DistrictPlan GIS\CAPACITY\Capacitywork1\ValueDataZoneUnion.shp,Acc,-1,-1;Drv "Drv" true true false 254 Text 0 0 ,First,#,P:\DistrictPlan GIS\CAPACITY\Capacitywork1\ValueDataZoneUnion.shp,Drv,-1,-1;UMR "UMR" true true false 254 Text 0 0 ,First,#,P:\DistrictPlan GIS\CAPACITY\Capacitywork1\ValueDataZoneUnion.shp,UMR,-1,-1;FS "FS" true true false 254 Text 0 0 ,First,#,P:\DistrictPlan GIS\CAPACITY\Capacitywork1\ValueDataZoneUnion.shp,FS,-1,-1;Out "Out" true true false 254 Text 0 0 ,First,#,P:\DistrictPlan GIS\CAPACITY\Capacitywork1\ValueDataZoneUnion.shp,Out,-1,-1;Bedrooms "Bedrooms" true true false 254 Text 0 0 ,First,#,P:\DistrictPlan GIS\CAPACITY\Capacitywork1\ValueDataZoneUnion.shp,Bedrooms,-1,-1;Toilets "Toilets" true true false 254 Text 0 0 ,First,#,P:\DistrictPlan GIS\CAPACITY\Capacitywork1\ValueDataZoneUnion.shp,Toilets,-1,-1;Property_N "Property_N" true true false 254 Text 0 0 ,First,#,P:\DistrictPlan GIS\CAPACITY\Capacitywork1\ValueDataZoneUnion.shp,Property_N,-1,-1;legal_desc "legal_desc" true true false 254 Text 0 0 ,First,#,P:\DistrictPlan GIS\CAPACITY\Capacitywork1\ValueDataZoneUnion.shp,legal_desc,-1,-1;Last_Sale "Last_Sale" true true false 254 Text 0 0 ,First,#,P:\DistrictPlan GIS\CAPACITY\Capacitywork1\ValueDataZoneUnion.shp,Last_Sale,-1,-1;Net_Sale_P "Net_Sale_P" true true false 254 Text 0 0 ,First,#,P:\DistrictPlan GIS\CAPACITY\Capacitywork1\ValueDataZoneUnion.shp,Net_Sale_P,-1,-1;Chatts "Chatts" true true false 254 Text 0 0 ,First,#,P:\DistrictPlan GIS\CAPACITY\Capacitywork1\ValueDataZoneUnion.shp,Chatts,-1,-1;Sale_Type "Sale_Type" true true false 254 Text 0 0 ,First,#,P:\DistrictPlan GIS\CAPACITY\Capacitywork1\ValueDataZoneUnion.shp,Sale_Type,-1,-1;Sale_Tenur "Sale_Tenur" true true false 254 Text 0 0 ,First,#,P:\DistrictPlan GIS\CAPACITY\Capacitywork1\ValueDataZoneUnion.shp,Sale_Tenur,-1,-1;Price_Val "Price_Val" true true false 254 Text 0 0 ,First,#,P:\DistrictPlan GIS\CAPACITY\Capacitywork1\ValueDataZoneUnion.shp,Price_Val,-1,-1;Sale_CV "Sale_CV" true true false 254 Text 0 0 ,First,#,P:\DistrictPlan GIS\CAPACITY\Capacitywork1\ValueDataZoneUnion.shp,Sale_CV,-1,-1;Sale_LV "Sale_LV" true true false 254 Text 0 0 ,First,#,P:\DistrictPlan GIS\CAPACITY\Capacitywork1\ValueDataZoneUnion.shp,Sale_LV,-1,-1;Remarks "Remarks" true true false 254 Text 0 0 ,First,#,P:\DistrictPlan GIS\CAPACITY\Capacitywork1\ValueDataZoneUnion.shp,Remarks,-1,-1;Sale_Statu "Sale_Statu" true true false 254 Text 0 0 ,First,#,P:\DistrictPlan GIS\CAPACITY\Capacitywork1\ValueDataZoneUnion.shp,Sale_Statu,-1,-1;B_C "B_C" true true false 254 Text 0 0 ,First,#,P:\DistrictPlan GIS\CAPACITY\Capacitywork1\ValueDataZoneUnion.shp,B_C,-1,-1;Worksheet "Worksheet" true true false 254 Text 0 0 ,First,#,P:\DistrictPlan GIS\CAPACITY\Capacitywork1\ValueDataZoneUnion.shp,Worksheet,-1,-1;Photos "Photos" true true false 254 Text 0 0 ,First,#,P:\DistrictPlan GIS\CAPACITY\Capacitywork1\ValueDataZoneUnion.shp,Photos,-1,-1;match_so_1 "match_so_1" true true false 6 Text 0 0 ,First,#,P:\DistrictPlan GIS\CAPACITY\Capacitywork1\ValueDataZoneUnion.shp,match_so_1,-1,-1;Year_Last_ "Year_Last_" true true false 19 Double 0 0 ,First,#,P:\DistrictPlan GIS\CAPACITY\Capacitywork1\ValueDataZoneUnion.shp,Year_Last_,-1,-1;dp_zone "dp_zone" true true false 20 Text 0 0 ,First,#,P:\DistrictPlan GIS\CAPACITY\Capacitywork1\ValueDataZoneUnion.shp,dp_zone,-1,-1;P_Area "P_Area" true true false 19 Double 0 0 ,First,#,P:\DistrictPlan GIS\CAPACITY\Capacitywork1\ValueDataZoneUnion.shp,P_Area,-1,-1;Sum_Build_ "Sum_Build_" true true false 19 Double 8 18 ,First,#,P:\Eplanning\Spatial Planning\Base Files\Site_Coverage_Point_Join_3.shp,Sum_Build_,-1,-1;Site_Cover "Site_Cover" true true false 19 Double 0 0 ,First,#,P:\Eplanning\Spatial Planning\Base Files\Site_Coverage_Point_Join_3.shp,Site_Cover,-1,-1;H_Listed "H_Listed" true true false 19 Double 0 0 ,First,#,P:\Eplanning\Spatial Planning\Base Files\Site_Coverage_Point_Join_3.shp,H_Listed,-1,-1" HAVE_THEIR_CENTER_IN # #</Process><Process ToolSource="C:\Program Files\ArcGIS\Desktop10.0\ArcToolbox\Toolboxes\Data Management Tools.tbx\CalculateField" Date="20131024" Time="161526">CalculateField Firstbase_layer Vacant_lan "Y" VB #</Process><Process ToolSource="C:\Program Files\ArcGIS\Desktop10.0\ArcToolbox\Toolboxes\Data Management Tools.tbx\CalculateField" Date="20131024" Time="161731">CalculateField Firstbase_layer Vacant_lan 1 VB #</Process></lineage><itemProps><itemName Sync="TRUE">ValueDataZoneUnion_SpatialJo</itemName><imsContentType Sync="TRUE">002</imsContentType><itemSize Sync="TRUE">0.000</itemSize><itemLocation><linkage Sync="TRUE">file://\\wcc\dfs\accounts\home\audain2s\ArcGIS\Default.gdb</linkage><protocol Sync="TRUE">Local Area Network</protocol></itemLocation></itemProps><coordRef><type Sync="TRUE">Projected</type><geogcsn Sync="TRUE">GCS_NZGD_2000</geogcsn><csUnits Sync="TRUE">Linear Unit: Meter (1.000000)</csUnits><projcsn Sync="TRUE">NZGD_2000_New_Zealand_Transverse_Mercator</projcsn><peXml Sync="TRUE">&lt;ProjectedCoordinateSystem xsi:type='typens:ProjectedCoordinateSystem' xmlns:xsi='http://www.w3.org/2001/XMLSchema-instance' xmlns:xs='http://www.w3.org/2001/XMLSchema' xmlns:typens='http://www.esri.com/schemas/ArcGIS/10.0'&gt;&lt;WKT&gt;PROJCS[&amp;quot;NZGD_2000_New_Zealand_Transverse_Mercator&amp;quot;,GEOGCS[&amp;quot;GCS_NZGD_2000&amp;quot;,DATUM[&amp;quot;D_NZGD_2000&amp;quot;,SPHEROID[&amp;quot;GRS_1980&amp;quot;,6378137.0,298.257222101]],PRIMEM[&amp;quot;Greenwich&amp;quot;,0.0],UNIT[&amp;quot;Degree&amp;quot;,0.0174532925199433]],PROJECTION[&amp;quot;Transverse_Mercator&amp;quot;],PARAMETER[&amp;quot;False_Easting&amp;quot;,1600000.0],PARAMETER[&amp;quot;False_Northing&amp;quot;,10000000.0],PARAMETER[&amp;quot;Central_Meridian&amp;quot;,173.0],PARAMETER[&amp;quot;Scale_Factor&amp;quot;,0.9996],PARAMETER[&amp;quot;Latitude_Of_Origin&amp;quot;,0.0],UNIT[&amp;quot;Meter&amp;quot;,1.0],AUTHORITY[&amp;quot;EPSG&amp;quot;,2193]]&lt;/WKT&gt;&lt;XOrigin&gt;-4020900&lt;/XOrigin&gt;&lt;YOrigin&gt;1900&lt;/YOrigin&gt;&lt;XYScale&gt;10000&lt;/XYScale&gt;&lt;ZOrigin&gt;-100000&lt;/ZOrigin&gt;&lt;ZScale&gt;10000&lt;/ZScale&gt;&lt;MOrigin&gt;-100000&lt;/MOrigin&gt;&lt;MScale&gt;10000&lt;/MScale&gt;&lt;XYTolerance&gt;0.001&lt;/XYTolerance&gt;&lt;ZTolerance&gt;0.001&lt;/ZTolerance&gt;&lt;MTolerance&gt;0.001&lt;/MTolerance&gt;&lt;HighPrecision&gt;true&lt;/HighPrecision&gt;&lt;WKID&gt;2193&lt;/WKID&gt;&lt;/ProjectedCoordinateSystem&gt;</peXml></coordRef></DataProperties><SyncDate>20131022</SyncDate><SyncTime>12500200</SyncTime><ModDate>20131022</ModDate><ModTime>12500200</ModTime></Esri><dataIdInfo><envirDesc Sync="TRUE">Microsoft Windows XP Version 5.1 (Build 2600) Service Pack 3; ESRI ArcGIS 10.0.3.3600</envirDesc><dataLang><languageCode value="en" Sync="TRUE"></languageCode><countryCode value="NZ" Sync="TRUE"></countryCode></dataLang><idCitation><resTitle Sync="TRUE">ValueDataZoneUnion_SpatialJo</resTitle><presForm><PresFormCd value="005" Sync="TRUE"></PresFormCd></presForm></idCitation><spatRpType><SpatRepTypCd value="001" Sync="TRUE"></SpatRepTypCd></spatRpType></dataIdInfo><mdLang><languageCode value="en" Sync="TRUE"></languageCode><countryCode value="NZ" Sync="TRUE"></countryCode></mdLang><mdChar><CharSetCd value="004" Sync="TRUE"></CharSetCd></mdChar><distInfo><distFormat><formatName Sync="TRUE">File Geodatabase Feature Class</formatName></distFormat><distTranOps><transSize Sync="TRUE">0.000</transSize></distTranOps></distInfo><mdHrLv><ScopeCd value="005" Sync="TRUE"></ScopeCd></mdHrLv><mdHrLvName Sync="TRUE">dataset</mdHrLvName><refSysInfo><RefSystem><refSysID><identCode code="2193" Sync="TRUE" value="2193"></identCode><idCodeSpace Sync="TRUE">EPSG</idCodeSpace><idVersion Sync="TRUE">7.4.1</idVersion></refSysID></RefSystem></refSysInfo><spatRepInfo><VectSpatRep><geometObjs Name="ValueDataZoneUnion_SpatialJo"><geoObjTyp><GeoObjTypCd value="002" Sync="TRUE"></GeoObjTypCd></geoObjTyp><geoObjCnt Sync="TRUE">0</geoObjCnt></geometObjs><topLvl><TopoLevCd value="001" Sync="TRUE"></TopoLevCd></topLvl></VectSpatRep></spatRepInfo><spdoinfo><ptvctinf><esriterm><efeatyp Sync="TRUE">Simple</efeatyp><efeageom code="4" Sync="TRUE"></efeageom><esritopo Sync="TRUE">FALSE</esritopo><efeacnt Sync="TRUE">0</efeacnt><spindex Sync="TRUE">TRUE</spindex><linrefer Sync="TRUE">FALSE</linrefer></esriterm></ptvctinf></spdoinfo><eainfo><detailed Name="ValueDataZoneUnion_SpatialJo"><enttyp><enttypl Sync="TRUE">ValueDataZoneUnion_SpatialJo</enttypl><enttypt Sync="TRUE">Feature Class</enttypt><enttypc Sync="TRUE">0</enttypc></enttyp><attr><attrlabl Sync="TRUE">Shape</attrlabl><attalias Sync="TRUE">Shape</attalias><attrtype Sync="TRUE">Geometry</attrtype><attwidth Sync="TRUE">0</attwidth><atprecis Sync="TRUE">0</atprecis><attscale Sync="TRUE">0</attscale><attrdef Sync="TRUE">Feature geometry.</attrdef><attrdefs Sync="TRUE">ESRI</attrdefs><attrdomv><udom Sync="TRUE">Coordinates defining the features.</udom></attrdomv></attr><attr><attrlabl Sync="TRUE">objectid</attrlabl><attalias Sync="TRUE">OBJECTID</attalias><attrtype Sync="TRUE">OID</attrtype><attwidth Sync="TRUE">4</attwidth><atprecis Sync="TRUE">0</atprecis><attscale Sync="TRUE">0</attscale><attrdef Sync="TRUE">Internal feature number.</attrdef><attrdefs Sync="TRUE">ESRI</attrdefs><attrdomv><udom Sync="TRUE">Sequential unique whole numbers that are automatically generated.</udom></attrdomv></attr><attr><attrlabl Sync="TRUE">Join_Count</attrlabl><attalias Sync="TRUE">Join_Count</attalias><attrtype Sync="TRUE">Integer</attrtype><attwidth Sync="TRUE">4</attwidth><atprecis Sync="TRUE">0</atprecis><attscale Sync="TRUE">0</attscale></attr><attr><attrlabl Sync="TRUE">TARGET_FID</attrlabl><attalias Sync="TRUE">TARGET_FID</attalias><attrtype Sync="TRUE">Integer</attrtype><attwidth Sync="TRUE">4</attwidth><atprecis Sync="TRUE">0</atprecis><attscale Sync="TRUE">0</attscale></attr><attr><attrlabl Sync="TRUE">parcel_id</attrlabl><attalias Sync="TRUE">parcel_id</attalias><attrtype Sync="TRUE">Double</attrtype><attwidth Sync="TRUE">8</attwidth><atprecis Sync="TRUE">0</atprecis><attscale Sync="TRUE">0</attscale></attr><attr><attrlabl Sync="TRUE">full_app</attrlabl><attalias Sync="TRUE">full_app</attalias><attrtype Sync="TRUE">String</attrtype><attwidth Sync="TRUE">250</attwidth><atprecis Sync="TRUE">0</atprecis><attscale Sync="TRUE">0</attscale></attr><attr><attrlabl Sync="TRUE">match_stat</attrlabl><attalias Sync="TRUE">match_stat</attalias><attrtype Sync="TRUE">String</attrtype><attwidth Sync="TRUE">1</attwidth><atprecis Sync="TRUE">0</atprecis><attscale Sync="TRUE">0</attscale></attr><attr><attrlabl Sync="TRUE">wufi</attrlabl><attalias Sync="TRUE">wufi</attalias><attrtype Sync="TRUE">Double</attrtype><attwidth Sync="TRUE">8</attwidth><atprecis Sync="TRUE">0</atprecis><attscale Sync="TRUE">0</attscale></attr><attr><attrlabl Sync="TRUE">surv_are_1</attrlabl><attalias Sync="TRUE">surv_are_1</attalias><attrtype Sync="TRUE">Double</attrtype><attwidth Sync="TRUE">8</attwidth><atprecis Sync="TRUE">0</atprecis><attscale Sync="TRUE">0</attscale></attr><attr><attrlabl Sync="TRUE">S_wufi</attrlabl><attalias Sync="TRUE">S_wufi</attalias><attrtype Sync="TRUE">Double</attrtype><attwidth Sync="TRUE">8</attwidth><atprecis Sync="TRUE">0</atprecis><attscale Sync="TRUE">0</attscale></attr><attr><attrlabl Sync="TRUE">V_wufi</attrlabl><attalias Sync="TRUE">V_wufi</attalias><attrtype Sync="TRUE">Double</attrtype><attwidth Sync="TRUE">8</attwidth><atprecis Sync="TRUE">0</atprecis><attscale Sync="TRUE">0</attscale></attr><attr><attrlabl Sync="TRUE">TA</attrlabl><attalias Sync="TRUE">TA</attalias><attrtype Sync="TRUE">Integer</attrtype><attwidth Sync="TRUE">4</attwidth><atprecis Sync="TRUE">0</atprecis><attscale Sync="TRUE">0</attscale></attr><attr><attrlabl Sync="TRUE">Ward</attrlabl><attalias Sync="TRUE">Ward</attalias><attrtype Sync="TRUE">Integer</attrtype><attwidth Sync="TRUE">4</attwidth><atprecis Sync="TRUE">0</atprecis><attscale Sync="TRUE">0</attscale></attr><attr><attrlabl Sync="TRUE">Qpid</attrlabl><attalias Sync="TRUE">Qpid</attalias><attrtype Sync="TRUE">Integer</attrtype><attwidth Sync="TRUE">4</attwidth><atprecis Sync="TRUE">0</atprecis><attscale Sync="TRUE">0</attscale></attr><attr><attrlabl Sync="TRUE">Roll</attrlabl><attalias Sync="TRUE">Roll</attalias><attrtype Sync="TRUE">Integer</attrtype><attwidth Sync="TRUE">4</attwidth><atprecis Sync="TRUE">0</atprecis><attscale Sync="TRUE">0</attscale></attr><attr><attrlabl Sync="TRUE">Assmt</attrlabl><attalias Sync="TRUE">Assmt</attalias><attrtype Sync="TRUE">Integer</attrtype><attwidth Sync="TRUE">4</attwidth><atprecis Sync="TRUE">0</atprecis><attscale Sync="TRUE">0</attscale></attr><attr><attrlabl Sync="TRUE">Suf</attrlabl><attalias Sync="TRUE">Suf</attalias><attrtype Sync="TRUE">String</attrtype><attwidth Sync="TRUE">254</attwidth><atprecis Sync="TRUE">0</atprecis><attscale Sync="TRUE">0</attscale></attr><attr><attrlabl Sync="TRUE">VALREF</attrlabl><attalias Sync="TRUE">VALREF</attalias><attrtype Sync="TRUE">String</attrtype><attwidth Sync="TRUE">254</attwidth><atprecis Sync="TRUE">0</atprecis><attscale Sync="TRUE">0</attscale></attr><attr><attrlabl Sync="TRUE">Num_extns</attrlabl><attalias Sync="TRUE">Num_extns</attalias><attrtype Sync="TRUE">Integer</attrtype><attwidth Sync="TRUE">4</attwidth><atprecis Sync="TRUE">0</atprecis><attscale Sync="TRUE">0</attscale></attr><attr><attrlabl Sync="TRUE">St_No</attrlabl><attalias Sync="TRUE">St_No</attalias><attrtype Sync="TRUE">Integer</attrtype><attwidth Sync="TRUE">4</attwidth><atprecis Sync="TRUE">0</atprecis><attscale Sync="TRUE">0</attscale></attr><attr><attrlabl Sync="TRUE">Addnl_St_N</attrlabl><attalias Sync="TRUE">Addnl_St_N</attalias><attrtype Sync="TRUE">String</attrtype><attwidth Sync="TRUE">254</attwidth><atprecis Sync="TRUE">0</atprecis><attscale Sync="TRUE">0</attscale></attr><attr><attrlabl Sync="TRUE">St_Name</attrlabl><attalias Sync="TRUE">St_Name</attalias><attrtype Sync="TRUE">String</attrtype><attwidth Sync="TRUE">254</attwidth><atprecis Sync="TRUE">0</atprecis><attscale Sync="TRUE">0</attscale></attr><attr><attrlabl Sync="TRUE">suburb</attrlabl><attalias Sync="TRUE">suburb</attalias><attrtype Sync="TRUE">String</attrtype><attwidth Sync="TRUE">35</attwidth><atprecis Sync="TRUE">0</atprecis><attscale Sync="TRUE">0</attscale></attr><attr><attrlabl Sync="TRUE">CAT</attrlabl><attalias Sync="TRUE">CAT</attalias><attrtype Sync="TRUE">String</attrtype><attwidth Sync="TRUE">254</attwidth><atprecis Sync="TRUE">0</atprecis><attscale Sync="TRUE">0</attscale></attr><attr><attrlabl Sync="TRUE">Revision_D</attrlabl><attalias Sync="TRUE">Revision_D</attalias><attrtype Sync="TRUE">Integer</attrtype><attwidth Sync="TRUE">4</attwidth><atprecis Sync="TRUE">0</atprecis><attscale Sync="TRUE">0</attscale></attr><attr><attrlabl Sync="TRUE">CV</attrlabl><attalias Sync="TRUE">CV</attalias><attrtype Sync="TRUE">Integer</attrtype><attwidth Sync="TRUE">4</attwidth><atprecis Sync="TRUE">0</atprecis><attscale Sync="TRUE">0</attscale></attr><attr><attrlabl Sync="TRUE">LV</attrlabl><attalias Sync="TRUE">LV</attalias><attrtype Sync="TRUE">Integer</attrtype><attwidth Sync="TRUE">4</attwidth><atprecis Sync="TRUE">0</atprecis><attscale Sync="TRUE">0</attscale></attr><attr><attrlabl Sync="TRUE">Valm2</attrlabl><attalias Sync="TRUE">Valm2</attalias><attrtype Sync="TRUE">Double</attrtype><attwidth Sync="TRUE">8</attwidth><atprecis Sync="TRUE">0</atprecis><attscale Sync="TRUE">0</attscale></attr><attr><attrlabl Sync="TRUE">AV</attrlabl><attalias Sync="TRUE">AV</attalias><attrtype Sync="TRUE">String</attrtype><attwidth Sync="TRUE">254</attwidth><atprecis Sync="TRUE">0</atprecis><attscale Sync="TRUE">0</attscale></attr><attr><attrlabl Sync="TRUE">Trees</attrlabl><attalias Sync="TRUE">Trees</attalias><attrtype Sync="TRUE">String</attrtype><attwidth Sync="TRUE">254</attwidth><atprecis Sync="TRUE">0</atprecis><attscale Sync="TRUE">0</attscale></attr><attr><attrlabl Sync="TRUE">GR</attrlabl><attalias Sync="TRUE">GR</attalias><attrtype Sync="TRUE">String</attrtype><attwidth Sync="TRUE">254</attwidth><atprecis Sync="TRUE">0</atprecis><attscale Sync="TRUE">0</attscale></attr><attr><attrlabl Sync="TRUE">DGR</attrlabl><attalias Sync="TRUE">DGR</attalias><attrtype Sync="TRUE">String</attrtype><attwidth Sync="TRUE">254</attwidth><atprecis Sync="TRUE">0</atprecis><attscale Sync="TRUE">0</attscale></attr><attr><attrlabl Sync="TRUE">RCV</attrlabl><attalias Sync="TRUE">RCV</attalias><attrtype Sync="TRUE">String</attrtype><attwidth Sync="TRUE">254</attwidth><atprecis Sync="TRUE">0</atprecis><attscale Sync="TRUE">0</attscale></attr><attr><attrlabl Sync="TRUE">RLV</attrlabl><attalias Sync="TRUE">RLV</attalias><attrtype Sync="TRUE">String</attrtype><attwidth Sync="TRUE">254</attwidth><atprecis Sync="TRUE">0</atprecis><attscale Sync="TRUE">0</attscale></attr><attr><attrlabl Sync="TRUE">RAV</attrlabl><attalias Sync="TRUE">RAV</attalias><attrtype Sync="TRUE">String</attrtype><attwidth Sync="TRUE">254</attwidth><atprecis Sync="TRUE">0</atprecis><attscale Sync="TRUE">0</attscale></attr><attr><attrlabl Sync="TRUE">PD_CV</attrlabl><attalias Sync="TRUE">PD_CV</attalias><attrtype Sync="TRUE">Double</attrtype><attwidth Sync="TRUE">8</attwidth><atprecis Sync="TRUE">0</atprecis><attscale Sync="TRUE">0</attscale></attr><attr><attrlabl Sync="TRUE">PD_CVCat</attrlabl><attalias Sync="TRUE">PD_CVCat</attalias><attrtype Sync="TRUE">String</attrtype><attwidth Sync="TRUE">254</attwidth><atprecis Sync="TRUE">0</atprecis><attscale Sync="TRUE">0</attscale></attr><attr><attrlabl Sync="TRUE">RValm2</attrlabl><attalias Sync="TRUE">RValm2</attalias><attrtype Sync="TRUE">Double</attrtype><attwidth Sync="TRUE">8</attwidth><atprecis Sync="TRUE">0</atprecis><attscale Sync="TRUE">0</attscale></attr><attr><attrlabl Sync="TRUE">RValm2_Cat</attrlabl><attalias Sync="TRUE">RValm2_Cat</attalias><attrtype Sync="TRUE">String</attrtype><attwidth Sync="TRUE">254</attwidth><atprecis Sync="TRUE">0</atprecis><attscale Sync="TRUE">0</attscale></attr><attr><attrlabl Sync="TRUE">PD_Valm2</attrlabl><attalias Sync="TRUE">PD_Valm2</attalias><attrtype Sync="TRUE">Double</attrtype><attwidth Sync="TRUE">8</attwidth><atprecis Sync="TRUE">0</atprecis><attscale Sync="TRUE">0</attscale></attr><attr><attrlabl Sync="TRUE">PD_Vm2Cat</attrlabl><attalias Sync="TRUE">PD_Vm2Cat</attalias><attrtype Sync="TRUE">String</attrtype><attwidth Sync="TRUE">254</attwidth><atprecis Sync="TRUE">0</atprecis><attscale Sync="TRUE">0</attscale></attr><attr><attrlabl Sync="TRUE">RTrees</attrlabl><attalias Sync="TRUE">RTrees</attalias><attrtype Sync="TRUE">String</attrtype><attwidth Sync="TRUE">254</attwidth><atprecis Sync="TRUE">0</atprecis><attscale Sync="TRUE">0</attscale></attr><attr><attrlabl Sync="TRUE">RGR</attrlabl><attalias Sync="TRUE">RGR</attalias><attrtype Sync="TRUE">String</attrtype><attwidth Sync="TRUE">254</attwidth><atprecis Sync="TRUE">0</atprecis><attscale Sync="TRUE">0</attscale></attr><attr><attrlabl Sync="TRUE">RDGR</attrlabl><attalias Sync="TRUE">RDGR</attalias><attrtype Sync="TRUE">String</attrtype><attwidth Sync="TRUE">254</attwidth><atprecis Sync="TRUE">0</atprecis><attscale Sync="TRUE">0</attscale></attr><attr><attrlabl Sync="TRUE">Nature_of</attrlabl><attalias Sync="TRUE">Nature_of</attalias><attrtype Sync="TRUE">String</attrtype><attwidth Sync="TRUE">254</attwidth><atprecis Sync="TRUE">0</atprecis><attscale Sync="TRUE">0</attscale></attr><attr><attrlabl Sync="TRUE">Tenure</attrlabl><attalias Sync="TRUE">Tenure</attalias><attrtype Sync="TRUE">Integer</attrtype><attwidth Sync="TRUE">4</attwidth><atprecis Sync="TRUE">0</atprecis><attscale Sync="TRUE">0</attscale></attr><attr><attrlabl Sync="TRUE">Ownership</attrlabl><attalias Sync="TRUE">Ownership</attalias><attrtype Sync="TRUE">Integer</attrtype><attwidth Sync="TRUE">4</attwidth><atprecis Sync="TRUE">0</atprecis><attscale Sync="TRUE">0</attscale></attr><attr><attrlabl Sync="TRUE">Rateabilit</attrlabl><attalias Sync="TRUE">Rateabilit</attalias><attrtype Sync="TRUE">Integer</attrtype><attwidth Sync="TRUE">4</attwidth><atprecis Sync="TRUE">0</atprecis><attscale Sync="TRUE">0</attscale></attr><attr><attrlabl Sync="TRUE">Apportionm</attrlabl><attalias Sync="TRUE">Apportionm</attalias><attrtype Sync="TRUE">Integer</attrtype><attwidth Sync="TRUE">4</attwidth><atprecis Sync="TRUE">0</atprecis><attscale Sync="TRUE">0</attscale></attr><attr><attrlabl Sync="TRUE">V_Area</attrlabl><attalias Sync="TRUE">V_Area</attalias><attrtype Sync="TRUE">Double</attrtype><attwidth Sync="TRUE">8</attwidth><atprecis Sync="TRUE">0</atprecis><attscale Sync="TRUE">0</attscale></attr><attr><attrlabl Sync="TRUE">Production</attrlabl><attalias Sync="TRUE">Production</attalias><attrtype Sync="TRUE">Integer</attrtype><attwidth Sync="TRUE">4</attwidth><atprecis Sync="TRUE">0</atprecis><attscale Sync="TRUE">0</attscale></attr><attr><attrlabl Sync="TRUE">Zone</attrlabl><attalias Sync="TRUE">Zone</attalias><attrtype Sync="TRUE">String</attrtype><attwidth Sync="TRUE">254</attwidth><atprecis Sync="TRUE">0</atprecis><attscale Sync="TRUE">0</attscale></attr><attr><attrlabl Sync="TRUE">Use</attrlabl><attalias Sync="TRUE">Use</attalias><attrtype Sync="TRUE">Integer</attrtype><attwidth Sync="TRUE">4</attwidth><atprecis Sync="TRUE">0</atprecis><attscale Sync="TRUE">0</attscale></attr><attr><attrlabl Sync="TRUE">Units</attrlabl><attalias Sync="TRUE">Units</attalias><attrtype Sync="TRUE">Integer</attrtype><attwidth Sync="TRUE">4</attwidth><atprecis Sync="TRUE">0</atprecis><attscale Sync="TRUE">0</attscale></attr><attr><attrlabl Sync="TRUE">Sub</attrlabl><attalias Sync="TRUE">Sub</attalias><attrtype Sync="TRUE">String</attrtype><attwidth Sync="TRUE">254</attwidth><atprecis Sync="TRUE">0</atprecis><attscale Sync="TRUE">0</attscale></attr><attr><attrlabl Sync="TRUE">Car</attrlabl><attalias Sync="TRUE">Car</attalias><attrtype Sync="TRUE">Integer</attrtype><attwidth Sync="TRUE">4</attwidth><atprecis Sync="TRUE">0</atprecis><attscale Sync="TRUE">0</attscale></attr><attr><attrlabl Sync="TRUE">Age</attrlabl><attalias Sync="TRUE">Age</attalias><attrtype Sync="TRUE">String</attrtype><attwidth Sync="TRUE">254</attwidth><atprecis Sync="TRUE">0</atprecis><attscale Sync="TRUE">0</attscale></attr><attr><attrlabl Sync="TRUE">Const</attrlabl><attalias Sync="TRUE">Const</attalias><attrtype Sync="TRUE">String</attrtype><attwidth Sync="TRUE">254</attwidth><atprecis Sync="TRUE">0</atprecis><attscale Sync="TRUE">0</attscale></attr><attr><attrlabl Sync="TRUE">Cond</attrlabl><attalias Sync="TRUE">Cond</attalias><attrtype Sync="TRUE">String</attrtype><attwidth Sync="TRUE">254</attwidth><atprecis Sync="TRUE">0</atprecis><attscale Sync="TRUE">0</attscale></attr><attr><attrlabl Sync="TRUE">Site</attrlabl><attalias Sync="TRUE">Site</attalias><attrtype Sync="TRUE">Integer</attrtype><attwidth Sync="TRUE">4</attwidth><atprecis Sync="TRUE">0</atprecis><attscale Sync="TRUE">0</attscale></attr><attr><attrlabl Sync="TRUE">Total</attrlabl><attalias Sync="TRUE">Total</attalias><attrtype Sync="TRUE">Integer</attrtype><attwidth Sync="TRUE">4</attwidth><atprecis Sync="TRUE">0</atprecis><attscale Sync="TRUE">0</attscale></attr><attr><attrlabl Sync="TRUE">CSI</attrlabl><attalias Sync="TRUE">CSI</attalias><attrtype Sync="TRUE">String</attrtype><attwidth Sync="TRUE">254</attwidth><atprecis Sync="TRUE">0</atprecis><attscale Sync="TRUE">0</attscale></attr><attr><attrlabl Sync="TRUE">Lot</attrlabl><attalias Sync="TRUE">Lot</attalias><attrtype Sync="TRUE">String</attrtype><attwidth Sync="TRUE">254</attwidth><atprecis Sync="TRUE">0</atprecis><attscale Sync="TRUE">0</attscale></attr><attr><attrlabl Sync="TRUE">Cont</attrlabl><attalias Sync="TRUE">Cont</attalias><attrtype Sync="TRUE">String</attrtype><attwidth Sync="TRUE">254</attwidth><atprecis Sync="TRUE">0</atprecis><attscale Sync="TRUE">0</attscale></attr><attr><attrlabl Sync="TRUE">Lndscp</attrlabl><attalias Sync="TRUE">Lndscp</attalias><attrtype Sync="TRUE">String</attrtype><attwidth Sync="TRUE">254</attwidth><atprecis Sync="TRUE">0</atprecis><attscale Sync="TRUE">0</attscale></attr><attr><attrlabl Sync="TRUE">View</attrlabl><attalias Sync="TRUE">View</attalias><attrtype Sync="TRUE">String</attrtype><attwidth Sync="TRUE">254</attwidth><atprecis Sync="TRUE">0</atprecis><attscale Sync="TRUE">0</attscale></attr><attr><attrlabl Sync="TRUE">Scp</attrlabl><attalias Sync="TRUE">Scp</attalias><attrtype Sync="TRUE">String</attrtype><attwidth Sync="TRUE">254</attwidth><atprecis Sync="TRUE">0</atprecis><attscale Sync="TRUE">0</attscale></attr><attr><attrlabl Sync="TRUE">Ht</attrlabl><attalias Sync="TRUE">Ht</attalias><attrtype Sync="TRUE">String</attrtype><attwidth Sync="TRUE">254</attwidth><atprecis Sync="TRUE">0</atprecis><attscale Sync="TRUE">0</attscale></attr><attr><attrlabl Sync="TRUE">Mod</attrlabl><attalias Sync="TRUE">Mod</attalias><attrtype Sync="TRUE">String</attrtype><attwidth Sync="TRUE">254</attwidth><atprecis Sync="TRUE">0</atprecis><attscale Sync="TRUE">0</attscale></attr><attr><attrlabl Sync="TRUE">EYB</attrlabl><attalias Sync="TRUE">EYB</attalias><attrtype Sync="TRUE">String</attrtype><attwidth Sync="TRUE">254</attwidth><atprecis Sync="TRUE">0</atprecis><attscale Sync="TRUE">0</attscale></attr><attr><attrlabl Sync="TRUE">Main</attrlabl><attalias Sync="TRUE">Main</attalias><attrtype Sync="TRUE">String</attrtype><attwidth Sync="TRUE">254</attwidth><atprecis Sync="TRUE">0</atprecis><attscale Sync="TRUE">0</attscale></attr><attr><attrlabl Sync="TRUE">Tot</attrlabl><attalias Sync="TRUE">Tot</attalias><attrtype Sync="TRUE">String</attrtype><attwidth Sync="TRUE">254</attwidth><atprecis Sync="TRUE">0</atprecis><attscale Sync="TRUE">0</attscale></attr><attr><attrlabl Sync="TRUE">Fdn</attrlabl><attalias Sync="TRUE">Fdn</attalias><attrtype Sync="TRUE">String</attrtype><attwidth Sync="TRUE">254</attwidth><atprecis Sync="TRUE">0</atprecis><attscale Sync="TRUE">0</attscale></attr><attr><attrlabl Sync="TRUE">Deck</attrlabl><attalias Sync="TRUE">Deck</attalias><attrtype Sync="TRUE">String</attrtype><attwidth Sync="TRUE">254</attwidth><atprecis Sync="TRUE">0</atprecis><attscale Sync="TRUE">0</attscale></attr><attr><attrlabl Sync="TRUE">Ldy</attrlabl><attalias Sync="TRUE">Ldy</attalias><attrtype Sync="TRUE">String</attrtype><attwidth Sync="TRUE">254</attwidth><atprecis Sync="TRUE">0</atprecis><attscale Sync="TRUE">0</attscale></attr><attr><attrlabl Sync="TRUE">Ois</attrlabl><attalias Sync="TRUE">Ois</attalias><attrtype Sync="TRUE">String</attrtype><attwidth Sync="TRUE">254</attwidth><atprecis Sync="TRUE">0</atprecis><attscale Sync="TRUE">0</attscale></attr><attr><attrlabl Sync="TRUE">Acc</attrlabl><attalias Sync="TRUE">Acc</attalias><attrtype Sync="TRUE">String</attrtype><attwidth Sync="TRUE">254</attwidth><atprecis Sync="TRUE">0</atprecis><attscale Sync="TRUE">0</attscale></attr><attr><attrlabl Sync="TRUE">Drv</attrlabl><attalias Sync="TRUE">Drv</attalias><attrtype Sync="TRUE">String</attrtype><attwidth Sync="TRUE">254</attwidth><atprecis Sync="TRUE">0</atprecis><attscale Sync="TRUE">0</attscale></attr><attr><attrlabl Sync="TRUE">UMR</attrlabl><attalias Sync="TRUE">UMR</attalias><attrtype Sync="TRUE">String</attrtype><attwidth Sync="TRUE">254</attwidth><atprecis Sync="TRUE">0</atprecis><attscale Sync="TRUE">0</attscale></attr><attr><attrlabl Sync="TRUE">FS</attrlabl><attalias Sync="TRUE">FS</attalias><attrtype Sync="TRUE">String</attrtype><attwidth Sync="TRUE">254</attwidth><atprecis Sync="TRUE">0</atprecis><attscale Sync="TRUE">0</attscale></attr><attr><attrlabl Sync="TRUE">Out</attrlabl><attalias Sync="TRUE">Out</attalias><attrtype Sync="TRUE">String</attrtype><attwidth Sync="TRUE">254</attwidth><atprecis Sync="TRUE">0</atprecis><attscale Sync="TRUE">0</attscale></attr><attr><attrlabl Sync="TRUE">Bedrooms</attrlabl><attalias Sync="TRUE">Bedrooms</attalias><attrtype Sync="TRUE">String</attrtype><attwidth Sync="TRUE">254</attwidth><atprecis Sync="TRUE">0</atprecis><attscale Sync="TRUE">0</attscale></attr><attr><attrlabl Sync="TRUE">Toilets</attrlabl><attalias Sync="TRUE">Toilets</attalias><attrtype Sync="TRUE">String</attrtype><attwidth Sync="TRUE">254</attwidth><atprecis Sync="TRUE">0</atprecis><attscale Sync="TRUE">0</attscale></attr><attr><attrlabl Sync="TRUE">Property_N</attrlabl><attalias Sync="TRUE">Property_N</attalias><attrtype Sync="TRUE">String</attrtype><attwidth Sync="TRUE">254</attwidth><atprecis Sync="TRUE">0</atprecis><attscale Sync="TRUE">0</attscale></attr><attr><attrlabl Sync="TRUE">legal_desc</attrlabl><attalias Sync="TRUE">legal_desc</attalias><attrtype Sync="TRUE">String</attrtype><attwidth Sync="TRUE">254</attwidth><atprecis Sync="TRUE">0</atprecis><attscale Sync="TRUE">0</attscale></attr><attr><attrlabl Sync="TRUE">Last_Sale</attrlabl><attalias Sync="TRUE">Last_Sale</attalias><attrtype Sync="TRUE">String</attrtype><attwidth Sync="TRUE">254</attwidth><atprecis Sync="TRUE">0</atprecis><attscale Sync="TRUE">0</attscale></attr><attr><attrlabl Sync="TRUE">Net_Sale_P</attrlabl><attalias Sync="TRUE">Net_Sale_P</attalias><attrtype Sync="TRUE">String</attrtype><attwidth Sync="TRUE">254</attwidth><atprecis Sync="TRUE">0</atprecis><attscale Sync="TRUE">0</attscale></attr><attr><attrlabl Sync="TRUE">Chatts</attrlabl><attalias Sync="TRUE">Chatts</attalias><attrtype Sync="TRUE">String</attrtype><attwidth Sync="TRUE">254</attwidth><atprecis Sync="TRUE">0</atprecis><attscale Sync="TRUE">0</attscale></attr><attr><attrlabl Sync="TRUE">Sale_Type</attrlabl><attalias Sync="TRUE">Sale_Type</attalias><attrtype Sync="TRUE">String</attrtype><attwidth Sync="TRUE">254</attwidth><atprecis Sync="TRUE">0</atprecis><attscale Sync="TRUE">0</attscale></attr><attr><attrlabl Sync="TRUE">Sale_Tenur</attrlabl><attalias Sync="TRUE">Sale_Tenur</attalias><attrtype Sync="TRUE">String</attrtype><attwidth Sync="TRUE">254</attwidth><atprecis Sync="TRUE">0</atprecis><attscale Sync="TRUE">0</attscale></attr><attr><attrlabl Sync="TRUE">Price_Val</attrlabl><attalias Sync="TRUE">Price_Val</attalias><attrtype Sync="TRUE">String</attrtype><attwidth Sync="TRUE">254</attwidth><atprecis Sync="TRUE">0</atprecis><attscale Sync="TRUE">0</attscale></attr><attr><attrlabl Sync="TRUE">Sale_CV</attrlabl><attalias Sync="TRUE">Sale_CV</attalias><attrtype Sync="TRUE">String</attrtype><attwidth Sync="TRUE">254</attwidth><atprecis Sync="TRUE">0</atprecis><attscale Sync="TRUE">0</attscale></attr><attr><attrlabl Sync="TRUE">Sale_LV</attrlabl><attalias Sync="TRUE">Sale_LV</attalias><attrtype Sync="TRUE">String</attrtype><attwidth Sync="TRUE">254</attwidth><atprecis Sync="TRUE">0</atprecis><attscale Sync="TRUE">0</attscale></attr><attr><attrlabl Sync="TRUE">Remarks</attrlabl><attalias Sync="TRUE">Remarks</attalias><attrtype Sync="TRUE">String</attrtype><attwidth Sync="TRUE">254</attwidth><atprecis Sync="TRUE">0</atprecis><attscale Sync="TRUE">0</attscale></attr><attr><attrlabl Sync="TRUE">Sale_Statu</attrlabl><attalias Sync="TRUE">Sale_Statu</attalias><attrtype Sync="TRUE">String</attrtype><attwidth Sync="TRUE">254</attwidth><atprecis Sync="TRUE">0</atprecis><attscale Sync="TRUE">0</attscale></attr><attr><attrlabl Sync="TRUE">B_C</attrlabl><attalias Sync="TRUE">B_C</attalias><attrtype Sync="TRUE">String</attrtype><attwidth Sync="TRUE">254</attwidth><atprecis Sync="TRUE">0</atprecis><attscale Sync="TRUE">0</attscale></attr><attr><attrlabl Sync="TRUE">Worksheet</attrlabl><attalias Sync="TRUE">Worksheet</attalias><attrtype Sync="TRUE">String</attrtype><attwidth Sync="TRUE">254</attwidth><atprecis Sync="TRUE">0</atprecis><attscale Sync="TRUE">0</attscale></attr><attr><attrlabl Sync="TRUE">Photos</attrlabl><attalias Sync="TRUE">Photos</attalias><attrtype Sync="TRUE">String</attrtype><attwidth Sync="TRUE">254</attwidth><atprecis Sync="TRUE">0</atprecis><attscale Sync="TRUE">0</attscale></attr><attr><attrlabl Sync="TRUE">match_so_1</attrlabl><attalias Sync="TRUE">match_so_1</attalias><attrtype Sync="TRUE">String</attrtype><attwidth Sync="TRUE">6</attwidth><atprecis Sync="TRUE">0</atprecis><attscale Sync="TRUE">0</attscale></attr><attr><attrlabl Sync="TRUE">Year_Last_</attrlabl><attalias Sync="TRUE">Year_Last_</attalias><attrtype Sync="TRUE">Double</attrtype><attwidth Sync="TRUE">8</attwidth><atprecis Sync="TRUE">0</atprecis><attscale Sync="TRUE">0</attscale></attr><attr><attrlabl Sync="TRUE">dp_zone</attrlabl><attalias Sync="TRUE">dp_zone</attalias><attrtype Sync="TRUE">String</attrtype><attwidth Sync="TRUE">20</attwidth><atprecis Sync="TRUE">0</atprecis><attscale Sync="TRUE">0</attscale></attr><attr><attrlabl Sync="TRUE">P_Area</attrlabl><attalias Sync="TRUE">P_Area</attalias><attrtype Sync="TRUE">Double</attrtype><attwidth Sync="TRUE">8</attwidth><atprecis Sync="TRUE">0</atprecis><attscale Sync="TRUE">0</attscale></attr><attr><attrlabl Sync="TRUE">Sum_Build_</attrlabl><attalias Sync="TRUE">Sum_Build_</attalias><attrtype Sync="TRUE">Double</attrtype><attwidth Sync="TRUE">8</attwidth><atprecis Sync="TRUE">0</atprecis><attscale Sync="TRUE">0</attscale></attr><attr><attrlabl Sync="TRUE">Site_Cover</attrlabl><attalias Sync="TRUE">Site_Cover</attalias><attrtype Sync="TRUE">Double</attrtype><attwidth Sync="TRUE">8</attwidth><atprecis Sync="TRUE">0</atprecis><attscale Sync="TRUE">0</attscale></attr><attr><attrlabl Sync="TRUE">H_Listed</attrlabl><attalias Sync="TRUE">H_Listed</attalias><attrtype Sync="TRUE">Double</attrtype><attwidth Sync="TRUE">8</attwidth><atprecis Sync="TRUE">0</atprecis><attscale Sync="TRUE">0</attscale></attr><attr><attrlabl Sync="TRUE">Shape_Length</attrlabl><attalias Sync="TRUE">Shape_Length</attalias><attrtype Sync="TRUE">Double</attrtype><attwidth Sync="TRUE">8</attwidth><atprecis Sync="TRUE">0</atprecis><attscale Sync="TRUE">0</attscale><attrdef Sync="TRUE">Length of feature in internal units.</attrdef><attrdefs Sync="TRUE">ESRI</attrdefs><attrdomv><udom Sync="TRUE">Positive real numbers that are automatically generated.</udom></attrdomv></attr><attr><attrlabl Sync="TRUE">Shape_Area</attrlabl><attalias Sync="TRUE">Shape_Area</attalias><attrtype Sync="TRUE">Double</attrtype><attwidth Sync="TRUE">8</attwidth><atprecis Sync="TRUE">0</atprecis><attscale Sync="TRUE">0</attscale><attrdef Sync="TRUE">Area of feature in internal units squared.</attrdef><attrdefs Sync="TRUE">ESRI</attrdefs><attrdomv><udom Sync="TRUE">Positive real numbers that are automatically generated.</udom></attrdomv></attr></detailed></eainfo><mdDateSt Sync="TRUE">20131022</mdDateSt></metadata>
